Search Term,Tweet Text,URLStephen Curry,"RT @WeAreCavsNation: Stephen Curry, Among Others Say Kyrie Irving Has Best Handles in NBA: https://t.co/OFwH3yPzRg",http://buff.ly/2n27fs4Stephen Curry,"RT @WeAreCavsNation: Stephen Curry, Among Others Say Kyrie Irving Has Best Handles in NBA: https://t.co/OFwH3yPzRg",http://buff.ly/2n27fs4Stephen Curry,"Stephen Curry, Among Others Say Kyrie Irving Has Best Handles in NBA: https://t.co/OFwH3yPzRg",http://buff.ly/2n27fs4Stephen Curry,Dennis Schroder 'doesn't understand' why he got benched for leaving Steph Curry open for 3 https://t.co/Ti2IkO36hr,https://goo.gl/U5AfmdStephen Curry,"RT @NBA_Skits: While Dwight Howard and Dennis Schroeder argue, Stephen Curry hits a wide open 3-pointer. _Ù÷â

 https://t.co/1RDS6S1Fbk",Stephen Curry,#NBA 2009 Stephen #Curry rookie lot (8) upper deck prestige studio panini Mint RC https://t.co/otTUAVSgbJ #AllStar https://t.co/0v1z7SWEYY,http://dlvr.it/NYwZ7jStephen Curry,#NBA #Warriors Golden State Warrors Stephen Curry #30 schoolbag backpack https://t.co/ddSbOEH5yJ #MVP https://t.co/764dTt1jbw,http://dlvr.it/NYwZ6dStephen Curry,DAVID Men\'s Stephen Curry Warriors Golden State Chinese New Year Name https://t.co/yex3xZpMkf,Stephen Curry,RT @ExpertoNBA: Stephen Curry _Ù÷â_Ù÷â_Ù÷â_Ù÷â_Ù÷â_Ù÷â_Ù÷â. https://t.co/RRkEldalv1,Stephen Curry,Dennis Schroder 'doesn't understand' why he got benched for leaving Steph Curry open for 3 https://t.co/OhLXqo2Agh https://t.co/pacvx7jgub,http://dlvr.it/NYwXbqStephen Curry,RT @ExpertoNBA: Stephen Curry _Ù÷â_Ù÷â_Ù÷â_Ù÷â_Ù÷â_Ù÷â_Ù÷â. https://t.co/RRkEldalv1,Stephen Curry,"RT @hoopshype: On Stephen Curry's three-point shooting, which is quite good. https://t.co/VSHk2VUZvR",Stephen Curry,RT @TSN_Sports: Stephen A. leaves Curry off of his All-NBA team. VIDEO: https://t.co/iL81rC5SN9 https://t.co/XOmi1iQT0I,http://www.tsn.ca/nba/video/stephen-a-leaves-curry-off-of-his-all-nba-team~1072515Stephen Curry,Stephen Curry Comments on Potentially Breaking NBA Regular-Season Wins Record #StephenCurry https://t.co/9Qoh3obowe #StephenCurry,http://dlvr.it/NYwSStStephen Curry,"#RT Golf, volley, foot US‰Û_ L'Ì©trange routine de Stephen Curry - PopnSport (Blog) https://t.co/F42YsU8tBY",http://ift.tt/2mTs7EYStephen Curry,"Warriors‰Ûª Stephen Curry, Andre Iguodala make trip to... #StephenCurry https://t.co/c1k9Dux6Ti #StephenCurry",http://dlvr.it/NYwSLpStephen Curry,"With Stephen Curry cheering, Warriors close out Rockets... # https://t.co/nMunhElXUW",https://goo.gl/fb/oyM0zTStephen Curry,Watch: Stephen Curry hits half-court shot to end All-Star Game... #StephenCurry https://t.co/k8nTXRgXQ4 #stephencurry,https://goo.gl/fb/0spTWgStephen Curry,Watch: Stephen Curry lets students pour water on his head... #StephenCurry https://t.co/Z2AhCqPlKg #stephencurry,https://goo.gl/fb/nZebI9Stephen Curry,Stephen Curry sends personal messages to SC30 Select Camp... #StephenCurry https://t.co/QvynV1RrIg #stephencurry,https://goo.gl/fb/Bs17yNStephen Curry,"Stephen Curry had a terrible, horrible, no good, very bad day... #StephenCurry https://t.co/GsMGXMtlEe #stephencurry",https://goo.gl/fb/pl6l0VStephen Curry,RT @ExpertoNBA: Stephen Curry _Ù÷â_Ù÷â_Ù÷â_Ù÷â_Ù÷â_Ù÷â_Ù÷â. https://t.co/RRkEldalv1,Stephen Curry,Stephen Curry's arc of glory raised higher still for soaring Warriors #NBAschedule #CavsVsWarriors #StephCurry‰Û_ https://t.co/jhGXAH1lj7,https://goo.gl/fb/RtsgqNStephen Curry,Criticise Stephen Curry at your own peril #StephenCurry https://t.co/3ifGTZvl07 #stephencurry,https://goo.gl/fb/yYMGwfStephen Curry,Stephen Curry: 'I Play for Something Different' and 'It's Part of Who I Am' #StephenCurry https://t.co/UIbLCh9pjX #stephencurry,https://goo.gl/fb/y0bZ02Stephen Curry,#nba Stephen Curry donne 9points d'avance ÌÊ Golden State ÌÊ un peu plus d'une minute de la fin du match face aux #knicks,Stephen Curry,RT @ExpertoNBA: Stephen Curry _Ù÷â_Ù÷â_Ù÷â_Ù÷â_Ù÷â_Ù÷â_Ù÷â. https://t.co/RRkEldalv1,Stephen Curry,RT @fatb0yzae: Stephen A. Only reporter that don't dick ride curry.,Stephen Curry,"RT @NBA_Turkiye: Stephen Curry'nin kariyerindeki en iyi 10 Ì_Ì¤lÌ_k! 

Curry, 1833 Ì_Ì¤lÌ_k ile NBA tarihinin en Ì¤ok Ì_Ì¤lÌ_k isabet bulan 10. oyunc‰Û_",Stephen Curry,https://t.co/s1lEU9woIO ‰ÛÏData is the new oil.‰Û ‰ÛÓ Under Armour CEO Kevin Plank ‰ÛÓ Stephen Curry Edition #SportsTap,http://ift.tt/2lTMMDNStephen Curry,"RT @Mavs_FFL: Since The All-Star Break: 

Seth Curry: 
23.6 PPG, 56.8 FG%, 54.5 3PT%

Stephen Curry:
25.8 PPG, 42.1 FG%, 29.4 3PT% https://‰Û_",Stephen Curry,"@FBBasketbol Stephen Curry'ye saÌ¤ makyaj yap€±p oynat€±yorlar. Her att€±klar€± Ì_Ì¤lÌ_k giriyor. Bu nedir yahu. 
#Aziz€¡stifa 
#YÌ¦netim€¡stifa",Stephen Curry,Dennis Schroder 'doesn't understand' why he got benched for leaving Steph Curry open for 3 https://t.co/vhJVEWMMHr‰Û_ https://t.co/vwNxuostIA,http://dlvr.it/NYwNMQStephen Curry,RT @ExpertoNBA: Stephen Curry _Ù÷â_Ù÷â_Ù÷â_Ù÷â_Ù÷â_Ù÷â_Ù÷â. https://t.co/RRkEldalv1,Stephen Curry,"RT @hoopshype: On Stephen Curry's three-point shooting, which is quite good. https://t.co/VSHk2VUZvR",Stephen Curry,"RT @NBA_Skits: Since All Star weekend: 

Stephen Curry:

25.8 PPG, 42.1 FG%, 29.4 3P%

Seth Curry: 

23.6 PPG, 56.8 FG%, 54.5 3P% https://t‰Û_",Stephen Curry,"team with stephen curry, captin crunch, Damian Bates, Mario, and stephen curry",Stephen Curry,RT @ExpertoNBA: Stephen Curry _Ù÷â_Ù÷â_Ù÷â_Ù÷â_Ù÷â_Ù÷â_Ù÷â. https://t.co/RRkEldalv1,Stephen Curry,RT @ExpertoNBA: Stephen Curry _Ù÷â_Ù÷â_Ù÷â_Ù÷â_Ù÷â_Ù÷â_Ù÷â. https://t.co/RRkEldalv1,Stephen Curry,"RT @hoopshype: On Stephen Curry's three-point shooting, which is quite good. https://t.co/VSHk2VUZvR",Stephen Curry,"RT @BaloncestoVines: Stephen Curry presume de fuerza tras un rebote ofensivo, Jordan se enfada y a la siguiente jugada.. _Ù÷â https://t.co/cbv‰Û_",Stephen Curry,RT @ExpertoNBA: Stephen Curry _Ù÷â_Ù÷â_Ù÷â_Ù÷â_Ù÷â_Ù÷â_Ù÷â. https://t.co/RRkEldalv1,Stephen Curry,"RT @NBA_Skits: Since All Star weekend: 

Stephen Curry:

25.8 PPG, 42.1 FG%, 29.4 3P%

Seth Curry: 

23.6 PPG, 56.8 FG%, 54.5 3P% https://t‰Û_",